{"cameraMode":{"drawMode":0,"name":"Shaded","section":"Shading Mode"},"sceneLighting":true,"audioPlay":false,"sceneViewState":{"m_AlwaysRefresh":false,"showFog":true,"showSkybox":true,"showFlares":true,"showImageEffects":true,"showParticleSystems":true,"showVisualEffectGraphs":true,"m_FxEnabled":true},"in2DMode":false,"pivot":{"x":105.80227661132813,"y":-186.72413635253907,"z":35.758689880371097},"rotation":{"x":0.22392737865447999,"y":-0.6934034824371338,"z":0.24240681529045106,"w":0.6405426859855652},"size":245.9821014404297,"orthographic":false}